{"cameraMode":{"drawMode":0,"name":"Shaded","section":"Shading Mode"},"sceneLighting":true,"audioPlay":false,"sceneViewState":{"m_AlwaysRefresh":false,"showFog":true,"showSkybox":true,"showFlares":true,"showImageEffects":true,"showParticleSystems":true,"showVisualEffectGraphs":true,"m_FxEnabled":true},"in2DMode":false,"pivot":{"x":-4.553266525268555,"y":-5.986153602600098,"z":-0.21676921844482423},"rotation":{"x":-0.18869569897651673,"y":0.28184863924980166,"z":-0.05663767084479332,"w":-0.9390153288841248},"size":27.299419403076173,"orthographic":false}